<?xml version="1.0" encoding="UTF-8"?>
<GenRun Id="iromIP_synth_1" LaunchPart="xc7a100tcsg324-3" LaunchTime="1680089134">
  <File Type="PA-TCL" Name="iromIP.tcl"/>
  <File Type="REPORTS-TCL" Name="iromIP_reports.tcl"/>
  <File Type="RDS-RDS" Name="iromIP.vds"/>
  <File Type="RDS-UTIL" Name="iromIP_utilization_synth.rpt"/>
  <File Type="RDS-UTIL-PB" Name="iromIP_utilization_synth.pb"/>
  <File Type="RDS-DCP" Name="iromIP.dcp"/>
  <FileSet Name="sources" Type="BlockSrcs" RelSrcDir="$PSRCDIR/iromIP">
    <File Path="$PPRDIR/cpu/cpu.srcs/sources_1/iromIP/iromIP.xci">
      <FileInfo>
        <Attr Name="UsedIn" Val="synthesis"/>
        <Attr Name="UsedIn" Val="implementation"/>
        <Attr Name="UsedIn" Val="simulation"/>
      </FileInfo>
    </File>
    <Config>
      <Option Name="TopModule" Val="iromIP"/>
      <Option Name="UseBlackboxStub" Val="1"/>
    </Config>
  </FileSet>
  <FileSet Name="constrs_in" Type="BlockSrcs" RelSrcDir="$PSRCDIR/iromIP">
    <File Path="$PPRDIR/cpu/cpu.srcs/sources_1/iromIP/iromIP.xci">
      <FileInfo>
        <Attr Name="UsedIn" Val="synthesis"/>
        <Attr Name="UsedIn" Val="implementation"/>
        <Attr Name="UsedIn" Val="simulation"/>
      </FileInfo>
    </File>
    <Config>
      <Option Name="TopModule" Val="iromIP"/>
      <Option Name="UseBlackboxStub" Val="1"/>
    </Config>
  </FileSet>
  <FileSet Name="utils" Type="Utils" RelSrcDir="$PSRCDIR/utils_1">
    <Filter Type="Utils"/>
    <Config>
      <Option Name="TopAutoSet" Val="TRUE"/>
    </Config>
  </FileSet>
  <Strategy Version="1" Minor="2">
    <StratHandle Name="Vivado Synthesis Defaults" Flow="Vivado Synthesis 2018"/>
    <Step Id="synth_design"/>
  </Strategy>
</GenRun>
