<?xml version="1.0"?>
<Runs Version="1" Minor="0">
	<Run Id="dramIP_synth_1" LaunchDir="C:/Users/Katana/Desktop/cpu/cpu.runs/dramIP_synth_1" FlowId="Vivado_Synthesis" FromStepId="vivado" ToStepId="vivado"/>
	<Run Id="iromIP_synth_1" LaunchDir="C:/Users/Katana/Desktop/cpu/cpu.runs/iromIP_synth_1" FlowId="Vivado_Synthesis" FromStepId="vivado" ToStepId="vivado"/>
	<Run Id="synth_1" LaunchDir="C:/Users/Katana/Desktop/cpu/cpu.runs/synth_1" FlowId="Vivado_Synthesis" FromStepId="vivado" ToStepId="vivado">
		<Parent Id="dramIP_synth_1"/>
		<Parent Id="iromIP_synth_1"/>
	</Run>
	<Parameters>
		<Parameter Name="runs.monitorLSFJobs" Val="true" Type="bool"/>
	</Parameters>
</Runs>

