<?xml version="1.0" encoding="UTF-8"?>
<GenRun Id="dramIP_synth_1" LaunchPart="xc7a100tcsg324-3" LaunchTime="1680006413">
  <File Type="PA-TCL" Name="dramIP.tcl"/>
  <File Type="REPORTS-TCL" Name="dramIP_reports.tcl"/>
  <File Type="RDS-RDS" Name="dramIP.vds"/>
  <File Type="RDS-UTIL" Name="dramIP_utilization_synth.rpt"/>
  <File Type="RDS-UTIL-PB" Name="dramIP_utilization_synth.pb"/>
  <File Type="RDS-DCP" Name="dramIP.dcp"/>
  <FileSet Name="sources" Type="BlockSrcs" RelSrcDir="$PSRCDIR/dramIP">
    <File Path="$PPRDIR/cpu/cpu.srcs/sources_1/dramIP/dramIP.xci">
      <FileInfo>
        <Attr Name="UsedIn" Val="synthesis"/>
        <Attr Name="UsedIn" Val="implementation"/>
        <Attr Name="UsedIn" Val="simulation"/>
      </FileInfo>
    </File>
    <Config>
      <Option Name="TopModule" Val="dramIP"/>
      <Option Name="UseBlackboxStub" Val="1"/>
    </Config>
  </FileSet>
  <FileSet Name="constrs_in" Type="BlockSrcs" RelSrcDir="$PSRCDIR/dramIP">
    <File Path="$PPRDIR/cpu/cpu.srcs/sources_1/dramIP/dramIP.xci">
      <FileInfo>
        <Attr Name="UsedIn" Val="synthesis"/>
        <Attr Name="UsedIn" Val="implementation"/>
        <Attr Name="UsedIn" Val="simulation"/>
      </FileInfo>
    </File>
    <Config>
      <Option Name="TopModule" Val="dramIP"/>
      <Option Name="UseBlackboxStub" Val="1"/>
    </Config>
  </FileSet>
  <FileSet Name="utils" Type="Utils" RelSrcDir="$PSRCDIR/utils_1">
    <Filter Type="Utils"/>
    <Config>
      <Option Name="TopAutoSet" Val="TRUE"/>
    </Config>
  </FileSet>
  <Strategy Version="1" Minor="2">
    <StratHandle Name="Vivado Synthesis Defaults" Flow="Vivado Synthesis 2018"/>
    <Step Id="synth_design"/>
  </Strategy>
</GenRun>
