<?xml version="1.0" encoding="UTF-8"?>
<GenRun Id="impl_1" LaunchPart="xc7a100tcsg324-3" LaunchTime="1680446487">
  <File Type="BITSTR-BMM" Name="Dclock_bd.bmm"/>
  <File Type="ROUTE-PWR" Name="Dclock_power_routed.rpt"/>
  <File Type="PA-TCL" Name="Dclock.tcl"/>
  <File Type="OPT-DCP" Name="Dclock_opt.dcp"/>
  <File Type="ROUTE-PWR-SUM" Name="Dclock_power_summary_routed.pb"/>
  <File Type="REPORTS-TCL" Name="Dclock_reports.tcl"/>
  <File Type="OPT-DRC" Name="Dclock_drc_opted.rpt"/>
  <File Type="OPT-HWDEF" Name="Dclock.hwdef"/>
  <File Type="PWROPT-DCP" Name="Dclock_pwropt.dcp"/>
  <File Type="PLACE-DCP" Name="Dclock_placed.dcp"/>
  <File Type="PLACE-IO" Name="Dclock_io_placed.rpt"/>
  <File Type="PLACE-UTIL" Name="Dclock_utilization_placed.rpt"/>
  <File Type="PLACE-UTIL-PB" Name="Dclock_utilization_placed.pb"/>
  <File Type="PLACE-CTRL" Name="Dclock_control_sets_placed.rpt"/>
  <File Type="PLACE-PRE-SIMILARITY" Name="Dclock_incremental_reuse_pre_placed.rpt"/>
  <File Type="BG-BGN" Name="Dclock.bgn"/>
  <File Type="POSTPLACE-PWROPT-DCP" Name="Dclock_postplace_pwropt.dcp"/>
  <File Type="BG-BIN" Name="Dclock.bin"/>
  <File Type="PHYSOPT-DCP" Name="Dclock_physopt.dcp"/>
  <File Type="BITSTR-MSK" Name="Dclock.msk"/>
  <File Type="ROUTE-ERROR-DCP" Name="Dclock_routed_error.dcp"/>
  <File Type="ROUTE-DCP" Name="Dclock_routed.dcp"/>
  <File Type="ROUTE-BLACKBOX-DCP" Name="Dclock_routed_bb.dcp"/>
  <File Type="ROUTE-DRC" Name="Dclock_drc_routed.rpt"/>
  <File Type="ROUTE-DRC-PB" Name="Dclock_drc_routed.pb"/>
  <File Type="BITSTR-LTX" Name="Dclock.ltx"/>
  <File Type="ROUTE-DRC-RPX" Name="Dclock_drc_routed.rpx"/>
  <File Type="BITSTR-MMI" Name="Dclock.mmi"/>
  <File Type="ROUTE-METHODOLOGY-DRC" Name="Dclock_methodology_drc_routed.rpt"/>
  <File Type="ROUTE-METHODOLOGY-DRC-RPX" Name="Dclock_methodology_drc_routed.rpx"/>
  <File Type="BITSTR-SYSDEF" Name="Dclock.sysdef"/>
  <File Type="ROUTE-METHODOLOGY-DRC-PB" Name="Dclock_methodology_drc_routed.pb"/>
  <File Type="ROUTE-PWR-RPX" Name="Dclock_power_routed.rpx"/>
  <File Type="ROUTE-STATUS" Name="Dclock_route_status.rpt"/>
  <File Type="ROUTE-STATUS-PB" Name="Dclock_route_status.pb"/>
  <File Type="ROUTE-TIMINGSUMMARY" Name="Dclock_timing_summary_routed.rpt"/>
  <File Type="ROUTE-TIMING-PB" Name="Dclock_timing_summary_routed.pb"/>
  <File Type="ROUTE-TIMING-RPX" Name="Dclock_timing_summary_routed.rpx"/>
  <File Type="RDI-RDI" Name="Dclock.vdi"/>
  <File Type="ROUTE-CLK" Name="Dclock_clock_utilization_routed.rpt"/>
  <File Type="ROUTE-BUS-SKEW" Name="Dclock_bus_skew_routed.rpt"/>
  <File Type="ROUTE-BUS-SKEW-PB" Name="Dclock_bus_skew_routed.pb"/>
  <File Type="ROUTE-BUS-SKEW-RPX" Name="Dclock_bus_skew_routed.rpx"/>
  <File Type="POSTROUTE-PHYSOPT-DCP" Name="Dclock_postroute_physopt.dcp"/>
  <File Type="POSTROUTE-PHYSOPT-BLACKBOX-DCP" Name="Dclock_postroute_physopt_bb.dcp"/>
  <File Type="BG-BIT" Name="Dclock.bit"/>
  <File Type="BITSTR-RBT" Name="Dclock.rbt"/>
  <File Type="BITSTR-NKY" Name="Dclock.nky"/>
  <File Type="BG-DRC" Name="Dclock.drc"/>
  <File Type="WBT-USG" Name="usage_statistics_webtalk.html"/>
  <FileSet Name="sources" Type="DesignSrcs" RelSrcDir="$PSRCDIR/sources_1">
    <Filter Type="Srcs"/>
    <File Path="$PSRCDIR/sources_1/new/HourCounter.v">
      <FileInfo>
        <Attr Name="UsedIn" Val="synthesis"/>
        <Attr Name="UsedIn" Val="implementation"/>
        <Attr Name="UsedIn" Val="simulation"/>
      </FileInfo>
    </File>
    <File Path="$PSRCDIR/sources_1/new/MinuteCounter.v">
      <FileInfo>
        <Attr Name="UsedIn" Val="synthesis"/>
        <Attr Name="UsedIn" Val="implementation"/>
        <Attr Name="UsedIn" Val="simulation"/>
      </FileInfo>
    </File>
    <File Path="$PSRCDIR/sources_1/new/SecondCounter.v">
      <FileInfo>
        <Attr Name="UsedIn" Val="synthesis"/>
        <Attr Name="UsedIn" Val="implementation"/>
        <Attr Name="UsedIn" Val="simulation"/>
      </FileInfo>
    </File>
    <File Path="$PSRCDIR/sources_1/new/counter10.v">
      <FileInfo>
        <Attr Name="UsedIn" Val="synthesis"/>
        <Attr Name="UsedIn" Val="implementation"/>
        <Attr Name="UsedIn" Val="simulation"/>
      </FileInfo>
    </File>
    <File Path="$PSRCDIR/sources_1/new/counter6.v">
      <FileInfo>
        <Attr Name="UsedIn" Val="synthesis"/>
        <Attr Name="UsedIn" Val="implementation"/>
        <Attr Name="UsedIn" Val="simulation"/>
      </FileInfo>
    </File>
    <File Path="$PSRCDIR/sources_1/new/divF.v">
      <FileInfo>
        <Attr Name="UsedIn" Val="synthesis"/>
        <Attr Name="UsedIn" Val="implementation"/>
        <Attr Name="UsedIn" Val="simulation"/>
      </FileInfo>
    </File>
    <File Path="$PSRCDIR/sources_1/new/divisor1k.v">
      <FileInfo>
        <Attr Name="UsedIn" Val="synthesis"/>
        <Attr Name="UsedIn" Val="implementation"/>
        <Attr Name="UsedIn" Val="simulation"/>
      </FileInfo>
    </File>
    <File Path="$PSRCDIR/sources_1/new/showcode.v">
      <FileInfo>
        <Attr Name="UsedIn" Val="synthesis"/>
        <Attr Name="UsedIn" Val="implementation"/>
        <Attr Name="UsedIn" Val="simulation"/>
      </FileInfo>
    </File>
    <File Path="$PSRCDIR/sources_1/new/subHour.v">
      <FileInfo>
        <Attr Name="UsedIn" Val="synthesis"/>
        <Attr Name="UsedIn" Val="implementation"/>
        <Attr Name="UsedIn" Val="simulation"/>
      </FileInfo>
    </File>
    <File Path="$PSRCDIR/sources_1/new/subMinute.v">
      <FileInfo>
        <Attr Name="UsedIn" Val="synthesis"/>
        <Attr Name="UsedIn" Val="implementation"/>
        <Attr Name="UsedIn" Val="simulation"/>
      </FileInfo>
    </File>
    <File Path="$PSRCDIR/sources_1/new/trans7code.v">
      <FileInfo>
        <Attr Name="UsedIn" Val="synthesis"/>
        <Attr Name="UsedIn" Val="implementation"/>
        <Attr Name="UsedIn" Val="simulation"/>
      </FileInfo>
    </File>
    <File Path="$PSRCDIR/sources_1/new/Dclock.v">
      <FileInfo>
        <Attr Name="UsedIn" Val="synthesis"/>
        <Attr Name="UsedIn" Val="implementation"/>
        <Attr Name="UsedIn" Val="simulation"/>
      </FileInfo>
    </File>
    <File Path="$PSRCDIR/sources_1/new/FSM.v">
      <FileInfo>
        <Attr Name="AutoDisabled" Val="1"/>
        <Attr Name="UsedIn" Val="synthesis"/>
        <Attr Name="UsedIn" Val="implementation"/>
        <Attr Name="UsedIn" Val="simulation"/>
      </FileInfo>
    </File>
    <Config>
      <Option Name="DesignMode" Val="RTL"/>
      <Option Name="TopModule" Val="Dclock"/>
    </Config>
  </FileSet>
  <FileSet Name="constrs_in" Type="Constrs" RelSrcDir="$PSRCDIR/constrs_1">
    <Filter Type="Constrs"/>
    <File Path="$PPRDIR/../模电实验报告/实验7FSM与数字钟/Dclock.xdc">
      <FileInfo>
        <Attr Name="UsedIn" Val="synthesis"/>
        <Attr Name="UsedIn" Val="implementation"/>
      </FileInfo>
    </File>
    <Config>
      <Option Name="TargetConstrsFile" Val="$PPRDIR/../模电实验报告/实验7FSM与数字钟/Dclock.xdc"/>
      <Option Name="ConstrsType" Val="XDC"/>
    </Config>
  </FileSet>
  <FileSet Name="utils" Type="Utils" RelSrcDir="$PSRCDIR/utils_1">
    <Filter Type="Utils"/>
    <Config>
      <Option Name="TopAutoSet" Val="TRUE"/>
    </Config>
  </FileSet>
  <Strategy Version="1" Minor="2">
    <StratHandle Name="Vivado Implementation Defaults" Flow="Vivado Implementation 2018"/>
    <Step Id="init_design"/>
    <Step Id="opt_design"/>
    <Step Id="power_opt_design"/>
    <Step Id="place_design"/>
    <Step Id="post_place_power_opt_design"/>
    <Step Id="phys_opt_design"/>
    <Step Id="route_design"/>
    <Step Id="post_route_phys_opt_design"/>
    <Step Id="write_bitstream"/>
  </Strategy>
</GenRun>
